<?xml version="1.0" encoding="UTF-8"?><!--
        *** GENERATED FROM jax-ws.xml - DO NOT EDIT !                             ***
        *** TO MODIFY wsimport options USE Web Service node -> Edit WS Attributes ***
        *** TO CHANGE TARGETS GENERATED TO jaxws-build.xml COPY THOSE             ***
        *** TARGETS TO ../build.xml AND MODIFY THAT FILE INSTEAD                  ***

        --><project xmlns:xalan="http://xml.apache.org/xslt" xmlns:j2seproject3="http://www.netbeans.org/ns/j2se-project/3" xmlns:jaxws="http://www.netbeans.org/ns/jax-ws/1">
    <!--
                ===================
                JAX-WS WSIMPORT SECTION
                ===================
            -->
    <target name="wsimport-init" depends="init">
        <mkdir dir="${build.generated.sources.dir}/jax-ws"/>
        <taskdef name="wsimport" classname="com.sun.tools.ws.ant.WsImport">
            <classpath path="${libs.jaxws21.classpath}"/>
        </taskdef>
    </target>
    <target name="wsimport-client-OperacionesMatematicas" depends="wsimport-init">
        <mkdir dir="${build.generated.dir}/jax-wsCache/OperacionesMatematicas"/>
        <property name="wsdl-OperacionesMatematicas" location="xml-resources/web-service-references/OperacionesMatematicas/wsdl/localhost_8080/MiPrimerPRoyectoSoap/OperacionesMatematicas.wsdl"/>
        <wsimport sourcedestdir="${build.generated.dir}/jax-wsCache/OperacionesMatematicas" destdir="${build.generated.dir}/jax-wsCache/OperacionesMatematicas" wsdl="${wsdl-OperacionesMatematicas}" catalog="catalog.xml" encoding="${source.encoding}" extension="true" verbose="true" fork="false" wsdlLocation="http://localhost:8080/MiPrimerPRoyectoSoap/OperacionesMatematicas?WSDL" xnocompile="true" xendorsed="true">
            <depends file="${wsdl-OperacionesMatematicas}"/>
            <produces dir="${build.generated.dir}/jax-wsCache/OperacionesMatematicas"/>
        </wsimport>
        <copy todir="${build.generated.sources.dir}/jax-ws">
            <fileset dir="${build.generated.dir}/jax-wsCache/OperacionesMatematicas">
                <include name="**/*.java"/>
            </fileset>
        </copy>
    </target>
    <target name="wsimport-client-clean-OperacionesMatematicas" depends="-init-project">
        <delete dir="${build.generated.dir}/jax-wsCache/OperacionesMatematicas"/>
        <delete dir="${build.generated.sources.dir}/jax-ws/sw"/>
    </target>
    <target name="wsimport-client-OperacionesMatematicas_2" depends="wsimport-init">
        <mkdir dir="${build.generated.dir}/jax-wsCache/OperacionesMatematicas_2"/>
        <property name="wsdl-OperacionesMatematicas_2" location="xml-resources/web-service-references/OperacionesMatematicas_2/wsdl/localhost_8080/MiPrimerPRoyectoSoap/OperacionesMatematicas.wsdl"/>
        <wsimport sourcedestdir="${build.generated.dir}/jax-wsCache/OperacionesMatematicas_2" destdir="${build.generated.dir}/jax-wsCache/OperacionesMatematicas_2" wsdl="${wsdl-OperacionesMatematicas_2}" catalog="catalog.xml" encoding="${source.encoding}" extension="true" verbose="true" fork="false" wsdlLocation="http://localhost:8080/MiPrimerPRoyectoSoap/OperacionesMatematicas?WSDL" xnocompile="true" xendorsed="true">
            <depends file="${wsdl-OperacionesMatematicas_2}"/>
            <produces dir="${build.generated.dir}/jax-wsCache/OperacionesMatematicas_2"/>
        </wsimport>
        <copy todir="${build.generated.sources.dir}/jax-ws">
            <fileset dir="${build.generated.dir}/jax-wsCache/OperacionesMatematicas_2">
                <include name="**/*.java"/>
            </fileset>
        </copy>
    </target>
    <target name="wsimport-client-clean-OperacionesMatematicas_2" depends="-init-project">
        <delete dir="${build.generated.dir}/jax-wsCache/OperacionesMatematicas_2"/>
        <delete dir="${build.generated.sources.dir}/jax-ws/sw"/>
    </target>
    <target name="wsimport-client-OperacionesMatematicas_1" depends="wsimport-init">
        <mkdir dir="${build.generated.dir}/jax-wsCache/OperacionesMatematicas_1"/>
        <property name="wsdl-OperacionesMatematicas_1" location="xml-resources/web-service-references/OperacionesMatematicas_1/wsdl/localhost_8080/MiPrimerPRoyectoSoap/OperacionesMatematicas.wsdl"/>
        <wsimport sourcedestdir="${build.generated.dir}/jax-wsCache/OperacionesMatematicas_1" destdir="${build.generated.dir}/jax-wsCache/OperacionesMatematicas_1" wsdl="${wsdl-OperacionesMatematicas_1}" catalog="catalog.xml" encoding="${source.encoding}" extension="true" verbose="true" fork="false" wsdlLocation="http://localhost:8080/MiPrimerPRoyectoSoap/OperacionesMatematicas?WSDL" xnocompile="true" xendorsed="true">
            <depends file="${wsdl-OperacionesMatematicas_1}"/>
            <produces dir="${build.generated.dir}/jax-wsCache/OperacionesMatematicas_1"/>
        </wsimport>
        <copy todir="${build.generated.sources.dir}/jax-ws">
            <fileset dir="${build.generated.dir}/jax-wsCache/OperacionesMatematicas_1">
                <include name="**/*.java"/>
            </fileset>
        </copy>
    </target>
    <target name="wsimport-client-clean-OperacionesMatematicas_1" depends="-init-project">
        <delete dir="${build.generated.dir}/jax-wsCache/OperacionesMatematicas_1"/>
        <delete dir="${build.generated.sources.dir}/jax-ws/sw"/>
    </target>
    <target name="wsimport-client-OperacionesMatematicas_3" depends="wsimport-init">
        <mkdir dir="${build.generated.dir}/jax-wsCache/OperacionesMatematicas_3"/>
        <property name="wsdl-OperacionesMatematicas_3" location="xml-resources/web-service-references/OperacionesMatematicas_3/wsdl/localhost_8080/MiPrimerPRoyectoSoap/OperacionesMatematicas.wsdl"/>
        <wsimport sourcedestdir="${build.generated.dir}/jax-wsCache/OperacionesMatematicas_3" destdir="${build.generated.dir}/jax-wsCache/OperacionesMatematicas_3" wsdl="${wsdl-OperacionesMatematicas_3}" catalog="catalog.xml" encoding="${source.encoding}" extension="true" verbose="true" fork="false" wsdlLocation="http://localhost:8080/MiPrimerPRoyectoSoap/OperacionesMatematicas?WSDL" xnocompile="true" xendorsed="true">
            <depends file="${wsdl-OperacionesMatematicas_3}"/>
            <produces dir="${build.generated.dir}/jax-wsCache/OperacionesMatematicas_3"/>
        </wsimport>
        <copy todir="${build.generated.sources.dir}/jax-ws">
            <fileset dir="${build.generated.dir}/jax-wsCache/OperacionesMatematicas_3">
                <include name="**/*.java"/>
            </fileset>
        </copy>
    </target>
    <target name="wsimport-client-clean-OperacionesMatematicas_3" depends="-init-project">
        <delete dir="${build.generated.dir}/jax-wsCache/OperacionesMatematicas_3"/>
        <delete dir="${build.generated.sources.dir}/jax-ws/sw"/>
    </target>
    <target name="wsimport-client-generate" depends="wsimport-client-OperacionesMatematicas, wsimport-client-OperacionesMatematicas_2, wsimport-client-OperacionesMatematicas_1, wsimport-client-OperacionesMatematicas_3"/>
</project>
